id;url;height;reference;thumbnail;cover;width
1;http://agustina.com;76336;online e-business;false;false;64977
2;http://alysson.name;94914;HTTP explicit;false;true;93343
3;https://jevon.org;53937;Chilean Peso Unidades de fomento Checking Account;true;true;94425
4;http://sandra.name;63640;multi-byte Jamaican Dollar North Carolina;false;false;81120
5;https://reggie.org;62593;parsing invoice;false;false;27396
6;http://cristobal.com;37725;Ergonomic Rubber Chicken;false;false;65572
7;http://gerhard.org;68161;wireless;false;false;49603
8;http://matilda.net;34833;Accountability Handmade Cotton Bacon;true;false;54797
9;http://henri.net;56852;Wyoming interface Cotton;false;true;58054
10;http://sandra.org;56186;Managed Dobra application;false;false;37772
